,Index,Creative ID,Exposure ID,CompanyID,Company Name,Sector,Ad Format,Viewable,Was Clicked,Conversion,Spend on Exposure,Revenue Generated,User ID,Audience Segment ID,Segment Type,Age,Gender,Income,Interests,Device,Browser,Operating System,Location (DMA),Session ID,Traffic Channel,Session Duration (secs)
3668,3668,C0e27,O0e27af1,CO018,DriveDynamics,Entertainment,Video,1,1,1,0,84.31385862,U0198,AS499,Custom Audience,18,Male,106232,"Technology, Fitness, Music",Tablet,Safari,iOS,"Salem, Oregon",df9cfa1f-433a-45ad-b671-ec8e63138a3e,Paid Search,540
2793,2793,Cfb1e,Pfb1ece2,CO018,DriveDynamics,Entertainment,Banner,1,0,0,37.36752363,0,U0152,AS098,1P Audience,19,Male,61729,Fitness,Laptop,Safari,Windows,"Las Vegas, Nevada",fe309c54-db94-42f2-a2e3-29eaeee61d08,Paid Search,174
2943,2943,Ce6a6,Oe6a6c9f,CO018,DriveDynamics,Entertainment,Video,1,1,1,0,95.3655185,U0239,AS162,1P Audience,20,Female,95325,"Music, Gaming, Technology",Laptop,Opera,Windows,"Paterson, New Jersey",599682f8-4591-4132-bf36-edfc8ae132d9,Paid Search,324
118,118,Cc50d,Oc50d974,CO018,DriveDynamics,Entertainment,Carousel,1,1,1,0,68.48979787,U0822,AS363,3P Audience,21,Female,66542,"Gaming, Art",Laptop,Opera,Windows,"Fairbanks, Alaska",56229a81-7572-4014-a915-f88d8675f5e0,Display,343
843,843,Cff22,Off22513,CO018,DriveDynamics,Entertainment,Carousel,0,0,0,0,0,U0694,AS345,Custom Audience,21,Female,38218,"Fitness, Travel",Desktop,Safari,Windows,"Miami, Florida",e73a73c3-6b65-43a9-ae54-60de7b4c93e6,Organic Search,268
1468,1468,C94da,P94da067,CO018,DriveDynamics,Entertainment,Banner,1,0,0,37.21623464,0,U0822,AS018,1P Audience,21,Female,66542,Sports,Tablet,Chrome,Android,"Des Moines, Iowa",0e08241f-f15f-4bda-9faf-e780494849c0,Display,282
2468,2468,Cd5e9,Od5e919b,CO018,DriveDynamics,Entertainment,Banner,1,1,0,0,0,U0114,AS070,Custom Audience,21,Female,118153,"Food, Art",Smartphone,Safari,Linux,"St. Louis, Missouri",67ff3c50-0d9c-47ad-833c-bcb8406f04f9,Paid Search,166
3218,3218,Ca6ff,Oa6ffc25,CO018,DriveDynamics,Entertainment,Banner,0,0,0,0,0,U0052,AS375,Custom Audience,21,Female,81874,"Music, Gaming, Travel",Laptop,Chrome,Linux,"Greensboro, North Carolina",5b842dcd-d5f5-4ea8-97f9-52846ef955e1,Display,190
4568,4568,C1422,P1422740,CO018,DriveDynamics,Entertainment,Video,1,1,0,16.26022286,0,U0002,AS255,1P Audience,21,Female,55824,Technology,Tablet,Edge,Android,"Chesapeake, Virginia",7083da03-591e-4547-bbc4-843d9aca598f,Paid Search,290
143,143,Cc305,Pc305383,CO018,DriveDynamics,Entertainment,Video,1,1,0,22.20575989,0,U0780,AS466,1P Audience,22,Female,51104,"Art, Travel",Tablet,Firefox,Windows,"Anchorage, Alaska",d2452bfb-8acf-4933-a8b9-bdf3e067a768,Paid Search,28
1943,1943,Cc75c,Oc75cc23,CO018,DriveDynamics,Entertainment,Video,0,0,0,0,0,U0531,AS477,1P Audience,22,Female,61122,Sports,Desktop,Firefox,iOS,"Baltimore, Maryland",1959d1df-d67c-4874-99b2-3b75e2b481e0,Display,272
2193,2193,C8ed8,O8ed82f7,CO018,DriveDynamics,Entertainment,Banner,0,0,0,0,0,U0792,AS330,Custom Audience,22,Female,105916,Fitness,Smartphone,Firefox,Linux,"Detroit, Michigan",0e48af6f-b424-4830-971d-e51d0fd90b5d,Referral,52
4268,4268,Cbf3f,Pbf3f909,CO018,DriveDynamics,Entertainment,Banner,1,1,0,29.60577397,0,U0788,AS364,3P Audience,22,Male,60509,"Fashion, Technology",Tablet,Edge,Android,"San Antonio, Texas",23a47eb7-b43f-47e9-9988-e59630c040d4,Paid Search,174
4768,4768,C0e7a,O0e7a53e,CO018,DriveDynamics,Entertainment,Carousel,0,0,0,0,0,U0182,AS473,3P Audience,22,Female,57534,"Technology, Fashion, Gaming",Desktop,Safari,iOS,"Huntington, West Virginia",a95da082-0439-4a7f-b0b4-18b2827771d4,Display,46
468,468,C0e3b,O0e3b9fc,CO018,DriveDynamics,Entertainment,Video,0,0,0,0,0,U0267,AS195,1P Audience,23,Female,112876,"Fashion, Art, Auto",Smartphone,Edge,macOS,"Los Angeles, California",49d0d314-7942-4e71-9a3c-b1cc86f9fab6,Paid Search,203
2393,2393,Cbebc,Obebcbc6,CO018,DriveDynamics,Entertainment,Banner,0,0,0,0,0,U0315,AS355,3P Audience,23,Female,51298,"Fashion, Sports, Food",Smartphone,Edge,Android,"Gulfport, Mississippi",0327283a-6717-4937-8e6d-5e157b91d2c8,Display,31
3068,3068,C2ff2,O2ff2592,CO018,DriveDynamics,Entertainment,Banner,0,0,0,0,0,U0426,AS369,1P Audience,23,Male,99544,"Music, Auto",Laptop,Chrome,Android,"Albuquerque, New Mexico",353edf64-bf85-4c8f-9aa5-3c362cbdc265,Referral,160
3918,3918,C5003,P5003259,CO018,DriveDynamics,Entertainment,Video,1,1,1,72.71791477,105.7340751,U0108,AS165,1P Audience,23,Male,58689,"Travel, Auto, Fitness",Laptop,Opera,macOS,"Charleston, South Carolina",2db291c6-ba4d-4b2c-8083-a81bfdcfec33,Direct,589
2418,2418,Cb8aa,Pb8aa838,CO018,DriveDynamics,Entertainment,Video,0,0,0,23.76381673,0,U0672,AS341,Custom Audience,24,Female,117656,"Travel, Sports, Fashion",Tablet,Chrome,macOS,"St. Louis, Missouri",9e797607-31b0-4f47-8dc1-56286e4ac698,Organic Search,178
3168,3168,C7567,P75672ff,CO018,DriveDynamics,Entertainment,Video,0,0,0,13.08262594,0,U0715,AS217,1P Audience,24,Male,85533,Sports,Laptop,Firefox,iOS,"Rochester, New York",96fa08e9-1408-4e6c-a5c2-7cb9847364eb,Paid Search,79
193,193,C72d6,P72d6548,CO018,DriveDynamics,Entertainment,Carousel,1,1,0,20.6882364,0,U0392,AS455,Custom Audience,25,Male,105152,"Fashion, Auto, Technology",Tablet,Firefox,Android,"Anchorage, Alaska",7c12ee80-47d2-4e80-9d18-207bdc093b63,Paid Search,45
1518,1518,C1554,P1554e4b,CO018,DriveDynamics,Entertainment,Banner,1,0,0,12.05408509,0,U0392,AS217,3P Audience,25,Male,105152,Fitness,Desktop,Firefox,Windows,"Wichita, Kansas",c21c77e3-2646-43f7-b95b-497e27a64bf6,Referral,272
4368,4368,C3651,P36511a9,CO018,DriveDynamics,Entertainment,Carousel,1,0,0,33.13685147,0,U0413,AS460,1P Audience,25,Female,117632,"Fashion, Sports",Laptop,Chrome,iOS,"West Valley City, Utah",f7a948b1-8df4-41fc-88ad-9afda21d268c,Display,173
518,518,C44b3,O44b3452,CO018,DriveDynamics,Entertainment,Carousel,0,0,0,0,0,U0177,AS322,1P Audience,26,Male,112409,Gaming,Laptop,Chrome,Windows,"Denver, Colorado",e2e080f2-757b-47a7-9e10-2b35ae8969f4,Referral,179
3043,3043,C163c,P163c309,CO018,DriveDynamics,Entertainment,Video,0,0,0,35.72349238,0,U0185,AS069,1P Audience,26,Male,85961,Food,Smartphone,Opera,iOS,"Rio Rancho, New Mexico",ac43d167-ff86-4fdb-b563-e6cd8e38f1eb,Display,41
4193,4193,C3e05,O3e05ad6,CO018,DriveDynamics,Entertainment,Video,0,0,0,0,0,U0326,AS497,3P Audience,26,Male,28420,Food,Smartphone,Chrome,Windows,"Nashville, Tennessee",8e377a21-2682-4fcd-87b6-a79bf768bd42,Organic Search,124
4318,4318,C1e38,P1e387c6,CO018,DriveDynamics,Entertainment,Video,0,0,0,18.81026861,0,U0455,AS194,3P Audience,26,Female,98843,"Sports, Auto",Smartphone,Safari,Windows,"Provo, Utah",ebf55506-ff87-487c-8149-321973146997,Display,174
4543,4543,C2b4d,O2b4dd8d,CO018,DriveDynamics,Entertainment,Carousel,0,0,0,0,0,U0326,AS076,Custom Audience,26,Male,28420,"Travel, Sports",Smartphone,Firefox,Linux,"Norfolk, Virginia",f4cf1a58-209b-4b35-9b49-7f1e7133915e,Direct,133
3943,3943,C8edc,P8edcaf2,CO018,DriveDynamics,Entertainment,Banner,1,1,1,62.27474444,167.0113658,U0924,AS390,Custom Audience,27,Female,65025,"Gaming, Sports, Travel",Desktop,Safari,Android,"North Charleston, South Carolina",311343da-20c9-4cec-914e-ec5feb71a832,Direct,420
4293,4293,C39e8,O39e81b7,CO018,DriveDynamics,Entertainment,Carousel,1,1,0,0,0,U0728,AS050,Custom Audience,27,Female,31458,"Art, Technology",Desktop,Safari,Linux,"Houston, Texas",239a9d83-d22e-4c4f-88a7-6f1a937d2955,Organic Search,277
1843,1843,Cf114,Of11439d,CO018,DriveDynamics,Entertainment,Banner,1,0,0,0,0,U0737,AS049,3P Audience,28,Female,71972,Food,Tablet,Opera,Windows,"Lewiston, Maine",cbbfa8aa-ab9a-497b-a3b4-1f09d53eded3,Display,159
2018,2018,C0936,P0936237,CO018,DriveDynamics,Entertainment,Video,1,1,1,63.98486196,197.0927574,U0283,AS273,3P Audience,28,Female,64480,Travel,Smartphone,Edge,Linux,"Worcester, Massachusetts",35ff98c6-44cf-48b1-90f0-9b3df9ed5be3,Referral,367
3493,3493,C4225,P4225ad1,CO018,DriveDynamics,Entertainment,Banner,0,0,0,11.34747378,0,U0848,AS042,Custom Audience,28,Male,107742,"Technology, Fashion, Gaming",Desktop,Opera,Windows,"Cincinnati, Ohio",7c86b326-d824-436b-851c-e08d68aa7df0,Direct,122
4043,4043,C7fae,O7fae5c9,CO018,DriveDynamics,Entertainment,Carousel,1,1,0,0,0,U0815,AS359,3P Audience,28,Female,81153,"Auto, Art, Food",Smartphone,Firefox,Windows,"Aberdeen, South Dakota",29775357-4a3b-4501-a10c-89c10d7d0860,Display,189
4743,4743,Ca710,Oa7100dd,CO018,DriveDynamics,Entertainment,Carousel,1,0,0,0,0,U0848,AS306,3P Audience,28,Male,107742,"Auto, Music, Fitness",Desktop,Firefox,macOS,"Charleston, West Virginia",f37e2938-d6cb-4cfb-9495-8faceb6c707d,Paid Search,94
718,718,C1963,P1963d09,CO018,DriveDynamics,Entertainment,Carousel,1,1,1,96.68463512,191.3280152,U0633,AS193,1P Audience,29,Male,32645,"Gaming, Technology",Tablet,Firefox,macOS,"Newark, Delaware",d8fe036d-1c15-47c2-8526-140130cdb782,Display,464
3543,3543,C755f,O755f5a8,CO018,DriveDynamics,Entertainment,Video,1,1,1,0,69.03851409,U0179,AS357,1P Audience,29,Female,51691,Fashion,Desktop,Edge,macOS,"Oklahoma City, Oklahoma",8ddd134c-d8d0-45c3-9ebd-d95f6e736623,Paid Search,412
3868,3868,C6fbb,O6fbb821,CO018,DriveDynamics,Entertainment,Banner,1,1,1,0,89.63656835,U0539,AS474,1P Audience,29,Female,71657,"Art, Auto, Fashion",Laptop,Edge,iOS,"Warwick, Rhode Island",1126b9b7-45e9-4709-9943-398b8c371858,Display,587
4068,4068,Cfaf7,Pfaf7b95,CO018,DriveDynamics,Entertainment,Carousel,0,0,0,25.88638352,0,U0179,AS225,1P Audience,29,Female,51691,Gaming,Desktop,Opera,Android,"Aberdeen, South Dakota",7c870f01-c4d3-41d4-ba14-12ef700ee405,Referral,173
743,743,C377e,P377e3ef,CO018,DriveDynamics,Entertainment,Banner,0,0,0,16.39089552,0,U0313,AS488,1P Audience,30,Female,98189,"Auto, Fashion",Desktop,Edge,macOS,"Dover, Delaware",a3c7b661-81e7-4b2f-811f-007d6bdb82ae,Display,165
1768,1768,Cb6fb,Pb6fb3c7,CO018,DriveDynamics,Entertainment,Carousel,1,0,0,39.82913969,0,U0331,AS112,3P Audience,31,Female,77368,Food,Smartphone,Chrome,Android,"Shreveport, Louisiana",66ef6263-80c7-406c-b1b9-3ae777aa4b5d,Organic Search,185
3818,3818,C3ce5,O3ce55b1,CO018,DriveDynamics,Entertainment,Banner,0,0,0,0,0,U0597,AS019,3P Audience,31,Female,44058,Art,Tablet,Edge,Android,"Providence, Rhode Island",4742cac7-2924-483f-a52a-ec8a0f145364,Paid Search,188
3968,3968,C4b02,O4b020f2,CO018,DriveDynamics,Entertainment,Carousel,0,0,0,0,0,U0622,AS444,3P Audience,31,Female,67189,Art,Desktop,Edge,Windows,"Columbia, South Carolina",31f9eaac-28e0-48c0-819f-14c528954f17,Display,197
2043,2043,C9b25,O9b257d3,CO018,DriveDynamics,Entertainment,Video,0,0,0,0,0,U0935,AS427,3P Audience,32,Female,69714,"Fitness, Auto, Art",Tablet,Edge,iOS,"Worcester, Massachusetts",53c19cd6-b5c7-487e-b3d1-46356abd227b,Organic Search,289
2543,2543,C35cb,P35cb797,CO018,DriveDynamics,Entertainment,Carousel,0,0,0,42.37229435,0,U0251,AS338,1P Audience,32,Male,107644,"Travel, Auto, Fitness",Desktop,Opera,macOS,"Great Falls, Montana",6e7e3409-d60c-4fab-9b8f-5a4c0efeff4d,Referral,266
2843,2843,Cac1d,Oac1d3c9,CO018,DriveDynamics,Entertainment,Carousel,0,0,0,0,0,U0145,AS208,3P Audience,32,Male,93121,"Art, Gaming",Smartphone,Chrome,Windows,"Concord, New Hampshire",521c7258-2af3-4cd2-95df-35482c3756dc,Display,214
3393,3393,Cb735,Ob73517a,CO018,DriveDynamics,Entertainment,Carousel,1,1,1,0,82.85900528,U0007,AS064,3P Audience,32,Female,118178,"Music, Auto",Tablet,Edge,iOS,"Fargo, North Dakota",dc49a972-df11-4ebd-a25d-c0f7a36389e5,Direct,401
3443,3443,C7bb1,P7bb1282,CO018,DriveDynamics,Entertainment,Banner,1,0,0,24.66801976,0,U0209,AS252,3P Audience,32,Male,92171,"Gaming, Auto",Desktop,Safari,iOS,"Cleveland, Ohio",c6fd9c54-c483-4a1b-a59d-3659fe4957ec,Paid Search,279
4143,4143,C677a,P677a154,CO018,DriveDynamics,Entertainment,Video,0,0,0,13.89866454,0,U0209,AS435,3P Audience,32,Male,92171,"Food, Gaming",Desktop,Edge,macOS,"Nashville, Tennessee",1580ce53-2b8a-4a0c-a4be-5fc3516dc9a8,Organic Search,87
1818,1818,C73d7,P73d7a60,CO018,DriveDynamics,Entertainment,Banner,0,0,0,33.44433124,0,U0962,AS029,3P Audience,33,Female,82756,"Music, Food, Sports",Smartphone,Opera,iOS,"Portland, Maine",c81d34a0-188e-43fe-807e-13cd4c70dddb,Direct,123
2968,2968,Ce164,Oe164c1a,CO018,DriveDynamics,Entertainment,Carousel,1,1,1,0,98.61083979,U0588,AS032,1P Audience,33,Male,38229,"Fitness, Auto",Smartphone,Firefox,macOS,"Paterson, New Jersey",8de9b977-59f1-49e2-a2e6-84cdb53aebc3,Organic Search,303
3293,3293,Cab51,Pab51dcd,CO018,DriveDynamics,Entertainment,Banner,1,0,0,37.46537402,0,U0043,AS047,3P Audience,33,Female,44488,"Music, Fashion",Desktop,Safari,Windows,"Greensboro, North Carolina",ef58cb9d-08c3-4037-807d-628dbeb5522d,Paid Search,111
93,93,C44af,O44afb41,CO018,DriveDynamics,Entertainment,Carousel,1,1,0,0,0,U0308,AS319,3P Audience,34,Male,30574,"Travel, Fitness",Desktop,Firefox,Windows,"Montgomery, Alabama",23309b14-54fa-454e-bbc1-beebb7d58616,Display,220
1618,1618,C4d08,P4d08886,CO018,DriveDynamics,Entertainment,Video,0,0,0,44.45721637,0,U0211,AS133,3P Audience,34,Female,35311,"Sports, Fashion, Travel",Smartphone,Opera,iOS,"Bowling Green, Kentucky",eb53073c-2b0f-44fc-a4d7-c67ec21adf11,Organic Search,288
2993,2993,C2a1b,O2a1bd60,CO018,DriveDynamics,Entertainment,Carousel,1,1,1,0,84.89084389,U0280,AS458,1P Audience,34,Female,33181,Music,Desktop,Opera,Linux,"Paterson, New Jersey",8ab154f5-ea0a-4c44-97d6-8c8c908ac6b1,Paid Search,502
3243,3243,Cea30,Pea3016e,CO018,DriveDynamics,Entertainment,Video,0,0,0,29.34851675,0,U0540,AS226,1P Audience,34,Female,37274,"Food, Travel",Tablet,Edge,Windows,"Charlotte, North Carolina",cf466e1d-8124-41a1-bcaf-8cc103fbd082,Paid Search,10
3643,3643,C3630,P3630a68,CO018,DriveDynamics,Entertainment,Video,0,0,0,33.31731938,0,U0090,AS075,3P Audience,34,Female,103890,"Music, Fashion",Desktop,Firefox,iOS,"Salem, Oregon",cc963907-c830-4c1a-9c86-8a3dc3ab1162,Direct,154
4843,4843,Ccc0c,Pcc0ce4f,CO018,DriveDynamics,Entertainment,Carousel,1,1,0,39.80780616,0,U0958,AS251,3P Audience,34,Female,97734,"Gaming, Food",Desktop,Edge,Windows,"Milwaukee, Wisconsin",19ef6f65-6295-47e6-9494-204c998601a4,Organic Search,159
818,818,C7e17,O7e170e1,CO018,DriveDynamics,Entertainment,Banner,0,0,0,0,0,U0487,AS008,3P Audience,35,Female,42498,Sports,Laptop,Opera,macOS,"Tampa, Florida",12a76a75-d7a5-42f5-87dd-aac1a000b0f3,Paid Search,291
568,568,C96fd,O96fdd1d,CO018,DriveDynamics,Entertainment,Carousel,1,0,0,0,0,U0810,AS010,3P Audience,36,Male,116586,Fashion,Smartphone,Opera,Android,"Denver, Colorado",712edc58-3076-4bf7-b160-54a2468d7dc1,Direct,76
868,868,C81c8,O81c865a,CO018,DriveDynamics,Entertainment,Carousel,0,0,0,0,0,U0282,AS162,Custom Audience,36,Male,77512,"Auto, Technology",Laptop,Firefox,Linux,"Tampa, Florida",afaa0e09-2d1b-4991-a338-2f84312143d7,Referral,278
1168,1168,C56f5,O56f5997,CO018,DriveDynamics,Entertainment,Banner,0,0,0,0,0,U0921,AS019,3P Audience,36,Male,71514,Art,Desktop,Edge,Linux,"Boise, Idaho",6207935c-8e26-4b8d-9dc0-425700b61e27,Paid Search,6
3143,3143,Ceca0,Oeca0f96,CO018,DriveDynamics,Entertainment,Carousel,1,1,1,0,87.24731698,U0946,AS143,Custom Audience,36,Female,73535,Travel,Desktop,Chrome,macOS,"Buffalo, New York",23db7ee4-8f1c-4911-89a9-9e7be4f9ce85,Organic Search,457
3318,3318,C8a4c,O8a4cbb1,CO018,DriveDynamics,Entertainment,Banner,1,0,0,0,0,U0946,AS140,1P Audience,36,Female,73535,Food,Desktop,Safari,Android,"Bismarck, North Dakota",949b2b44-6b14-4b50-ba79-7c94945e0a55,Organic Search,89
3793,3793,Cab53,Oab53291,CO018,DriveDynamics,Entertainment,Banner,1,1,1,0,84.29769624,U0810,AS051,3P Audience,36,Male,116586,Sports,Smartphone,Safari,Windows,"Pittsburgh, Pennsylvania",4a1ddf17-f64e-45d4-b578-6eecd5c464d7,Referral,323
4893,4893,Ce908,Pe90810d,CO018,DriveDynamics,Entertainment,Banner,1,0,0,20.87825084,0,U0592,AS423,1P Audience,36,Male,118581,"Auto, Sports",Laptop,Firefox,Windows,"Milwaukee, Wisconsin",07226cd8-95f5-4549-97e4-4dafbf24c9c9,Referral,230
593,593,C9729,P9729c98,CO018,DriveDynamics,Entertainment,Banner,0,0,0,10.38771088,0,U0727,AS096,3P Audience,37,Female,76229,"Gaming, Travel",Tablet,Opera,iOS,"Aurora, Colorado",a6f57fc4-6ae5-485b-8689-54a2347ad4f3,Referral,258
1368,1368,C18f4,O18f422c,CO018,DriveDynamics,Entertainment,Banner,1,1,1,0,71.91617147,U0727,AS428,1P Audience,37,Female,76229,"Fashion, Sports, Gaming",Desktop,Firefox,Windows,"Fort Wayne, Indiana",98e98fb1-9bfb-4c6a-95ad-5ef79b844273,Referral,344
2718,2718,Cf7c2,Pf7c2457,CO018,DriveDynamics,Entertainment,Banner,1,1,1,71.00326243,178.4199344,U0130,AS453,3P Audience,37,Female,101769,"Sports, Gaming, Music",Desktop,Firefox,iOS,"Henderson, Nevada",7b414b2d-43ff-411e-be1d-a90a183fa76f,Display,453
4918,4918,C4fd9,O4fd9aad,CO018,DriveDynamics,Entertainment,Banner,0,0,0,0,0,U0506,AS192,1P Audience,37,Male,101231,"Auto, Gaming, Music",Laptop,Safari,Linux,"Laramie, Wyoming",48073eb5-303a-4634-85c3-ba63528d9fd1,Paid Search,220
1743,1743,C22eb,O22eb793,CO018,DriveDynamics,Entertainment,Banner,0,0,0,0,0,U0334,AS274,Custom Audience,38,Female,106590,"Gaming, Sports",Desktop,Chrome,Windows,"Shreveport, Louisiana",879e0f61-b2d6-41b4-84a9-e61fbf9bab0e,Paid Search,293
3993,3993,Ccb22,Pcb22e76,CO018,DriveDynamics,Entertainment,Video,1,0,0,18.91582473,0,U0014,AS088,Custom Audience,39,Female,83187,Fashion,Smartphone,Safari,macOS,"North Charleston, South Carolina",aa8407ed-07a9-43a1-8dd8-4d687bfd1c58,Referral,279
443,443,C4bd6,P4bd612e,CO018,DriveDynamics,Entertainment,Carousel,1,1,1,65.45030215,133.2294401,U0544,AS015,1P Audience,40,Male,40954,Art,Desktop,Chrome,Linux,"Los Angeles, California",e971dfb4-3f68-4c53-a2a0-95a36ea1df07,Direct,307
2318,2318,C6518,O65189c6,CO018,DriveDynamics,Entertainment,Video,0,0,0,0,0,U0466,AS320,1P Audience,40,Female,102182,"Fashion, Gaming, Auto",Smartphone,Opera,macOS,"Southaven, Mississippi",c85b16ae-b0a7-450f-9d9c-ad8233568b62,Direct,149
3768,3768,C50b6,O50b66c4,CO018,DriveDynamics,Entertainment,Banner,0,0,0,0,0,U0759,AS119,Custom Audience,40,Female,60987,Gaming,Laptop,Firefox,iOS,"Pittsburgh, Pennsylvania",916086cc-75c9-449e-8203-da8ffd0b8297,Paid Search,265
643,643,Ca7a3,Oa7a36a4,CO018,DriveDynamics,Entertainment,Video,1,1,1,0,69.56416044,U0801,AS238,Custom Audience,41,Female,26705,"Music, Food, Fitness",Smartphone,Opera,macOS,"New Haven, Connecticut",38d4f792-aef9-4aac-8e72-0d6e01b144dc,Paid Search,572
1268,1268,Cee44,Oee440f5,CO018,DriveDynamics,Entertainment,Video,0,0,0,0,0,U0548,AS346,3P Audience,41,Male,24047,Fashion,Desktop,Opera,Android,"Chicago, Illinois",8c399f39-2f5e-45ea-b1ce-f483bd93881e,Paid Search,42
1693,1693,Ce43a,Pe43a8b3,CO018,DriveDynamics,Entertainment,Video,1,1,0,33.00350972,0,U0119,AS247,3P Audience,42,Female,56347,"Auto, Technology, Sports",Desktop,Edge,Windows,"Lexington, Kentucky",d6da74c4-60d4-4511-be72-a633b455d859,Display,294
4593,4593,C0ca2,O0ca2673,CO018,DriveDynamics,Entertainment,Banner,1,0,0,0,0,U0593,AS166,Custom Audience,42,Male,107023,"Art, Music",Tablet,Chrome,Android,"Virginia Beach, Virginia",e2a79e22-81e0-4bbc-9856-090287c4facb,Organic Search,71
43,43,C6982,P69822be,CO018,DriveDynamics,Entertainment,Carousel,0,0,0,27.5702516,0,U0623,AS192,Custom Audience,43,Female,74325,"Gaming, Food",Tablet,Safari,macOS,"Montgomery, Alabama",2d73e016-b644-4c0b-98c6-3d20236f0c32,Display,247
218,218,Cc398,Pc398153,CO018,DriveDynamics,Entertainment,Banner,1,1,1,71.55792265,141.9147781,U0336,AS390,1P Audience,43,Male,99868,"Travel, Art",Desktop,Edge,Linux,"Tucson, Arizona",7c52b28a-39aa-4cae-a6c7-aeaf18a3fd22,Paid Search,501
243,243,Cf039,Pf0391fc,CO018,DriveDynamics,Entertainment,Video,0,0,0,17.56633182,0,U0321,AS137,Custom Audience,43,Female,75019,"Technology, Gaming, Fitness",Desktop,Safari,iOS,"Mesa, Arizona",5d7481a5-d156-4393-926f-52e8802c8aa4,Direct,206
768,768,Ca42f,Oa42f93d,CO018,DriveDynamics,Entertainment,Video,1,0,0,0,0,U0030,AS181,1P Audience,43,Female,62330,Music,Desktop,Edge,iOS,"Dover, Delaware",7290b0b6-a149-4e83-9f07-ffe16ccdd0a6,Direct,229
893,893,Ca3c6,Oa3c6d38,CO018,DriveDynamics,Entertainment,Carousel,1,0,0,0,0,U0508,AS114,1P Audience,43,Male,59313,Food,Laptop,Chrome,Windows,"Jacksonville, Florida",70c4c29f-70ce-4748-b495-cd034847753c,Paid Search,9
1218,1218,Ce256,Oe256f3a,CO018,DriveDynamics,Entertainment,Banner,0,0,0,0,0,U0321,AS459,1P Audience,43,Female,75019,"Music, Fashion",Desktop,Opera,Windows,"Chicago, Illinois",311ba108-f1c7-4c41-bbbf-46602ba4db1c,Display,109
1243,1243,C3f23,O3f23442,CO018,DriveDynamics,Entertainment,Banner,1,1,1,0,84.10966222,U0320,AS221,Custom Audience,43,Male,117392,"Fitness, Gaming",Smartphone,Edge,Linux,"Rockford, Illinois",4223b61c-afa3-4bc9-b1b0-f0aa894230d4,Referral,457
4868,4868,C10a5,O10a5363,CO018,DriveDynamics,Entertainment,Banner,0,0,0,0,0,U0016,AS411,1P Audience,43,Male,80007,"Sports, Travel",Laptop,Chrome,iOS,"Green Bay, Wisconsin",b77d7018-2c31-4271-b05a-74f0959f7e6e,Paid Search,184
318,318,Cd753,Pd753a2d,CO018,DriveDynamics,Entertainment,Banner,1,1,0,47.81166406,0,U0399,AS441,Custom Audience,44,Male,79595,"Gaming, Travel",Smartphone,Chrome,Linux,"Little Rock, Arkansas",f7776c61-ea61-47bc-9d0d-a2b175005919,Display,210
2693,2693,Cea83,Oea83fd9,CO018,DriveDynamics,Entertainment,Carousel,0,0,0,0,0,U0887,AS277,Custom Audience,44,Male,32370,Fashion,Desktop,Safari,iOS,"Bellevue, Nebraska",3835e9f8-960c-4cd5-ab57-27127758badd,Organic Search,87
2118,2118,C0fd2,O0fd2e1a,CO018,DriveDynamics,Entertainment,Video,0,0,0,0,0,U0337,AS025,3P Audience,45,Female,46712,Music,Desktop,Safari,Windows,"Warren, Michigan",b1da458e-c8d2-457b-960e-485f3dfc1a52,Display,206
393,393,C491a,P491a23e,CO018,DriveDynamics,Entertainment,Carousel,1,1,0,35.69889337,0,U0937,AS219,Custom Audience,46,Male,24786,"Auto, Music, Travel",Smartphone,Opera,macOS,"Little Rock, Arkansas",4f05f31d-84af-427b-aa03-73159e505306,Referral,157
1068,1068,C317c,P317ca14,CO018,DriveDynamics,Entertainment,Carousel,0,0,0,19.68234521,0,U0195,AS402,1P Audience,46,Male,85978,"Auto, Travel, Gaming",Tablet,Edge,Android,"Kailua, Hawaii",0f154a88-393e-46b0-ad95-0d50b4c568a3,Paid Search,50
3893,3893,Cb29c,Ob29c348,CO018,DriveDynamics,Entertainment,Carousel,0,0,0,0,0,U0964,AS434,Custom Audience,46,Female,96384,"Technology, Food, Sports",Smartphone,Opera,macOS,"Cranston, Rhode Island",7dcd2f0e-a117-499b-8204-d742bfbce06e,Display,116
4243,4243,C9d24,O9d2498d,CO018,DriveDynamics,Entertainment,Video,0,0,0,0,0,U0170,AS456,3P Audience,46,Male,25835,Travel,Desktop,Firefox,Windows,"San Antonio, Texas",8d39d78a-3629-4160-880b-99b56219dbf4,Referral,31
418,418,C43bf,O43bf691,CO018,DriveDynamics,Entertainment,Video,1,1,1,0,61.42453599,U0291,AS413,3P Audience,48,Male,46259,"Gaming, Music",Desktop,Chrome,Linux,"San Francisco, California",891c5afd-1a1d-4f20-9041-25a1f31b07de,Direct,363
1393,1393,C8771,O87710d2,CO018,DriveDynamics,Entertainment,Banner,0,0,0,0,0,U0458,AS414,Custom Audience,48,Female,29590,"Sports, Fitness",Laptop,Chrome,Windows,"Fort Wayne, Indiana",eec5c4cf-25b3-4968-9f57-efb0597b8987,Direct,265
4118,4118,Cb767,Ob767341,CO018,DriveDynamics,Entertainment,Video,0,0,0,0,0,U0060,AS361,1P Audience,48,Male,22943,"Music, Technology",Smartphone,Edge,Android,"Knoxville, Tennessee",f2e03ee2-80b5-4a87-8e95-12642b824c11,Display,275
4343,4343,Cf2eb,Of2eb5c8,CO018,DriveDynamics,Entertainment,Video,1,0,0,0,0,U0089,AS483,Custom Audience,48,Female,90296,"Food, Fashion",Laptop,Chrome,Android,"West Valley City, Utah",255f74cc-4096-4325-acc2-099c3db8e761,Display,54
4643,4643,Ca988,Pa988de6,CO018,DriveDynamics,Entertainment,Video,0,0,0,30.97204215,0,U0088,AS165,1P Audience,48,Female,78803,"Music, Technology, Art",Laptop,Edge,Windows,"Seattle, Washington",199dc63e-b8e3-4673-a6c6-420bcb04a1b2,Display,223
4968,4968,C0780,P0780a33,CO018,DriveDynamics,Entertainment,Carousel,0,0,0,43.47132883,0,U0060,AS087,Custom Audience,48,Male,22943,"Art, Fitness, Travel",Tablet,Chrome,Windows,"Casper, Wyoming",990b6262-9532-493e-9838-a60b655103c0,Display,227
943,943,Ca4ab,Oa4ab1a8,CO018,DriveDynamics,Entertainment,Video,0,0,0,0,0,U0217,AS386,3P Audience,49,Male,30219,"Fitness, Food, Fashion",Laptop,Chrome,Android,"Atlanta, Georgia",3706f2f2-6e40-47a2-83a0-dd3a35f667ab,Organic Search,72
1343,1343,Cb806,Pb806479,CO018,DriveDynamics,Entertainment,Video,0,0,0,14.63464603,0,U0535,AS031,1P Audience,49,Female,66528,"Food, Art, Fashion",Smartphone,Safari,Android,"Indianapolis, Indiana",042ea890-bdd8-4d69-b14f-c640db3e526b,Display,132
2668,2668,Cee41,Oee41ea6,CO018,DriveDynamics,Entertainment,Banner,0,0,0,0,0,U0221,AS264,Custom Audience,49,Female,28728,"Art, Food",Laptop,Edge,macOS,"Lincoln, Nebraska",ec4389d4-4330-4138-bed2-31b06e6f20d5,Organic Search,46
2918,2918,C1ecf,P1ecf21a,CO018,DriveDynamics,Entertainment,Carousel,1,1,1,96.25741986,102.694896,U0184,AS432,Custom Audience,49,Male,45096,"Sports, Technology",Laptop,Chrome,iOS,"Jersey City, New Jersey",a0dd1ccf-3486-4612-abb5-9ae31d4ccc42,Display,378
668,668,Ce7cc,Pe7cc11c,CO018,DriveDynamics,Entertainment,Video,1,0,0,24.7923383,0,U0855,AS426,1P Audience,50,Female,62013,"Sports, Auto",Smartphone,Opera,Android,"Stamford, Connecticut",1ae9e84c-529e-48f6-9b80-0513927ff452,Referral,250
1018,1018,C5baf,O5baf0d3,CO018,DriveDynamics,Entertainment,Banner,0,0,0,0,0,U0350,AS321,3P Audience,50,Male,115901,Auto,Desktop,Chrome,Linux,"Hilo, Hawaii",2d07ef10-12bc-456f-9abf-8980318a3d53,Display,174
1193,1193,C6135,P6135b14,CO018,DriveDynamics,Entertainment,Banner,0,0,0,22.53679659,0,U0208,AS238,3P Audience,50,Female,41304,Sports,Desktop,Opera,Windows,"Boise, Idaho",f1eeec9a-d9f1-4edd-9bd4-01cce5799cb2,Direct,30
3093,3093,C08e7,O08e7e0b,CO018,DriveDynamics,Entertainment,Video,0,0,0,0,0,U0208,AS153,3P Audience,50,Female,41304,"Technology, Food",Tablet,Edge,macOS,"Las Cruces, New Mexico",8a5decf0-11e4-4bac-ab08-52fc7e8a0765,Organic Search,287
3843,3843,Cccb3,Occb33ec,CO018,DriveDynamics,Entertainment,Carousel,0,0,0,0,0,U0989,AS384,3P Audience,50,Male,45773,"Fashion, Gaming, Fitness",Laptop,Chrome,Linux,"Providence, Rhode Island",bfb56e2f-921f-49b6-9de5-5752ddcf12df,Referral,256
4468,4468,Cbbb2,Obbb2bae,CO018,DriveDynamics,Entertainment,Video,0,0,0,0,0,U0703,AS432,Custom Audience,50,Female,110176,Fashion,Desktop,Safari,Windows,"South Burlington, Vermont",1c0d999d-60ce-4768-b1c5-afa67bc3e976,Direct,146
4993,4993,C3ffb,O3ffb83d,CO018,DriveDynamics,Entertainment,Video,0,0,0,0,0,U0402,AS257,Custom Audience,50,Male,59891,"Art, Technology, Auto",Tablet,Chrome,iOS,"Laramie, Wyoming",27ff4de5-2bff-4ae8-b7e2-5175b919c950,Paid Search,119
18,18,C30be,O30be14d,CO018,DriveDynamics,Entertainment,Carousel,1,0,0,0,0,U0224,AS341,Custom Audience,51,Female,101939,Food,Desktop,Chrome,macOS,"Birmingham, Alabama",4a3a5bb5-2776-4d71-9efd-2bab06b7a2b2,Paid Search,67
1118,1118,C1a1e,O1a1e097,CO018,DriveDynamics,Entertainment,Banner,1,1,0,0,0,U0010,AS202,1P Audience,51,Male,106777,Technology,Laptop,Opera,macOS,"Idaho Falls, Idaho",c27a6e15-293d-43da-9313-8bb2fe3890dc,Organic Search,47
1643,1643,C70ce,P70ce168,CO018,DriveDynamics,Entertainment,Banner,0,0,0,21.71546386,0,U0031,AS443,Custom Audience,51,Male,72537,"Fitness, Music, Fashion",Smartphone,Safari,iOS,"Louisville, Kentucky",4623371e-83f2-437d-b86b-9118b8b131a0,Organic Search,78
2243,2243,C2e38,P2e381ee,CO018,DriveDynamics,Entertainment,Carousel,1,0,0,27.92857348,0,U0608,AS471,1P Audience,51,Male,85447,Technology,Desktop,Safari,Android,"Saint Paul, Minnesota",52419750-9725-4f36-8e82-952a32c7be89,Direct,262
4693,4693,Ccc3f,Occ3f850,CO018,DriveDynamics,Entertainment,Carousel,0,0,0,0,0,U0349,AS381,1P Audience,51,Female,85258,"Music, Sports",Tablet,Firefox,Linux,"Tacoma, Washington",a35a06ca-1a49-462a-8b3d-49ea418b0164,Organic Search,184
68,68,C1d23,P1d23512,CO018,DriveDynamics,Entertainment,Banner,1,1,0,41.48466102,0,U0034,AS020,1P Audience,52,Female,30567,Auto,Desktop,Opera,macOS,"Montgomery, Alabama",b7d40af3-c29f-4263-ad4c-aef956a29b19,Direct,119
1293,1293,C005f,O005fd73,CO018,DriveDynamics,Entertainment,Video,0,0,0,0,0,U0912,AS047,1P Audience,52,Male,104751,"Sports, Fitness, Auto",Laptop,Edge,Android,"Rockford, Illinois",b7837211-1f6f-4e82-b103-e0ffb8fa4473,Paid Search,79
2818,2818,C0afe,P0afec7b,CO018,DriveDynamics,Entertainment,Banner,1,1,0,48.31839904,0,U0110,AS130,1P Audience,52,Female,63942,"Travel, Music",Laptop,Edge,Windows,"Nashua, New Hampshire",b47b6165-4e61-4c5a-9b34-0a42aef93832,Direct,260
3618,3618,C768b,O768be9a,CO018,DriveDynamics,Entertainment,Banner,1,0,0,0,0,U0070,AS018,1P Audience,52,Female,25529,Travel,Tablet,Chrome,Android,"Salem, Oregon",2704968f-065a-4224-8c0e-8bde907381d0,Display,278
4218,4218,C6c75,P6c751ca,CO018,DriveDynamics,Entertainment,Video,1,0,0,37.81141939,0,U0646,AS145,1P Audience,52,Female,29189,Technology,Tablet,Firefox,iOS,"San Antonio, Texas",a9fe4409-76ea-4b80-84e5-1633d4d5b513,Organic Search,98
4818,4818,C52c0,O52c096f,CO018,DriveDynamics,Entertainment,Video,1,0,0,0,0,U0110,AS137,Custom Audience,52,Female,63942,"Gaming, Art, Food",Smartphone,Edge,Linux,"Milwaukee, Wisconsin",fae72138-dde6-42f4-9857-a5df8e5caca8,Organic Search,271
793,793,Cb35b,Ob35b994,CO018,DriveDynamics,Entertainment,Video,1,0,0,0,0,U0789,AS074,Custom Audience,53,Female,65246,Art,Desktop,Edge,Linux,"Newark, Delaware",96b98975-5b2e-4f4e-902f-52820388a943,Display,97
1718,1718,Cb006,Ob006e3b,CO018,DriveDynamics,Entertainment,Banner,0,0,0,0,0,U0261,AS047,1P Audience,53,Female,105002,Technology,Desktop,Chrome,Windows,"Baton Rouge, Louisiana",31016d0d-2c01-46bd-a2a3-4bf55b813547,Direct,70
3518,3518,C4ee3,O4ee3b93,CO018,DriveDynamics,Entertainment,Carousel,0,0,0,0,0,U0846,AS142,1P Audience,53,Male,56566,Auto,Smartphone,Firefox,macOS,"Oklahoma City, Oklahoma",19bd6550-43e1-4bf0-ab4d-3d91f3f4728c,Direct,30
2093,2093,C7a7d,P7a7dc9a,CO018,DriveDynamics,Entertainment,Video,0,0,0,34.70072677,0,U0395,AS034,1P Audience,54,Female,104945,"Fashion, Technology, Music",Smartphone,Firefox,iOS,"Springfield, Massachusetts",15a22ab7-c09c-463d-9e96-cc354a3f7213,Display,124
2218,2218,C19e3,O19e35f0,CO018,DriveDynamics,Entertainment,Banner,1,1,1,0,61.16690184,U0143,AS400,1P Audience,54,Male,55744,"Music, Gaming",Laptop,Opera,Android,"Minneapolis, Minnesota",8efdc1f2-37de-43ec-91a0-e84bba478960,Display,593
2368,2368,Cec76,Pec765fa,CO018,DriveDynamics,Entertainment,Video,1,1,0,21.08021138,0,U0036,AS167,1P Audience,54,Female,97125,"Fitness, Fashion, Music",Laptop,Safari,Windows,"Gulfport, Mississippi",b7d7cc9b-4e59-4203-953b-f68d28baf60e,Paid Search,266
2593,2593,Ca501,Pa501ee7,CO018,DriveDynamics,Entertainment,Carousel,0,0,0,10.47583741,0,U0395,AS090,Custom Audience,54,Female,104945,"Travel, Art",Smartphone,Opera,macOS,"Great Falls, Montana",e55cd78b-08cb-4c02-a627-8e11f676c3c1,Direct,223
2768,2768,C5cf7,O5cf73de,CO018,DriveDynamics,Entertainment,Banner,0,0,0,0,0,U0143,AS446,Custom Audience,54,Male,55744,Gaming,Desktop,Edge,macOS,"Reno, Nevada",820602af-8994-4e55-b635-3b1e9cc8a0c7,Organic Search,131
3593,3593,C2d89,O2d89354,CO018,DriveDynamics,Entertainment,Banner,0,0,0,0,0,U0259,AS291,Custom Audience,54,Male,84964,"Fashion, Food",Tablet,Edge,Android,"Norman, Oklahoma",7f3c0c66-9571-4f09-80c4-9b5c4eb3896c,Paid Search,25
4943,4943,Cc921,Oc92135c,CO018,DriveDynamics,Entertainment,Carousel,0,0,0,0,0,U0112,AS095,Custom Audience,54,Female,68722,"Auto, Technology, Gaming",Laptop,Safari,iOS,"Laramie, Wyoming",944c9377-b65a-4471-8cf2-2c6f42f1ee51,Direct,220
1968,1968,C19e1,P19e1f6a,CO018,DriveDynamics,Entertainment,Carousel,1,1,1,66.74453059,101.8850698,U0680,AS449,Custom Audience,55,Male,92919,"Sports, Gaming",Desktop,Edge,macOS,"Frederick, Maryland",d289d97a-34f1-4849-9ac2-0a1251a8c58c,Referral,371
3018,3018,C76dc,P76dc766,CO018,DriveDynamics,Entertainment,Carousel,1,0,0,18.07002563,0,U0807,AS159,3P Audience,55,Male,72762,Travel,Laptop,Chrome,Linux,"Las Cruces, New Mexico",99b564ee-a834-408a-9ccc-f0ed7c5dff3b,Organic Search,276
4093,4093,C9e59,O9e59157,CO018,DriveDynamics,Entertainment,Banner,1,0,0,0,0,U0807,AS190,3P Audience,55,Male,72762,"Music, Fitness, Travel",Laptop,Edge,Android,"Aberdeen, South Dakota",88591071-c427-48ee-ad48-802f454dbb59,Paid Search,172
618,618,C66d9,P66d9d84,CO018,DriveDynamics,Entertainment,Video,0,0,0,14.51668632,0,U0353,AS128,1P Audience,56,Male,34554,"Fashion, Music",Desktop,Firefox,macOS,"Bridgeport, Connecticut",8f9869d0-b641-44cd-bd73-94ecabd89abe,Paid Search,251
2068,2068,C2f08,P2f08040,CO018,DriveDynamics,Entertainment,Video,1,0,0,41.33591939,0,U0384,AS110,1P Audience,56,Female,115685,Gaming,Smartphone,Firefox,Android,"Boston, Massachusetts",3f6d72c2-173d-4ef2-9664-c6610e970500,Display,73
2568,2568,C4c97,O4c97bed,CO018,DriveDynamics,Entertainment,Banner,1,1,1,0,93.72224193,U0648,AS221,3P Audience,56,Male,82135,"Fashion, Art",Laptop,Opera,Android,"Great Falls, Montana",11705d1d-0e9e-491b-a0ae-5a0d98d7895a,Referral,554
3343,3343,Cf6c5,Of6c5bf5,CO018,DriveDynamics,Entertainment,Video,1,1,0,0,0,U0648,AS002,3P Audience,56,Male,82135,"Art, Technology",Desktop,Opera,Windows,"Fargo, North Dakota",39ee3410-2c79-49f9-b9d3-432fa1cad213,Organic Search,219
968,968,C9257,O925724d,CO018,DriveDynamics,Entertainment,Banner,1,1,0,0,0,U0731,AS198,1P Audience,57,Male,70037,"Music, Fashion, Gaming",Laptop,Chrome,Android,"Augusta, Georgia",a145fd3b-a5b3-467e-86cc-e639cce46659,Paid Search,102
2343,2343,C6501,P65012aa,CO018,DriveDynamics,Entertainment,Banner,0,0,0,40.17511292,0,U0930,AS344,1P Audience,57,Male,71082,"Gaming, Sports",Tablet,Edge,Windows,"Southaven, Mississippi",224f660f-1c16-41c8-b955-55e77c883796,Organic Search,230
3418,3418,Cfe32,Pfe32d4f,CO018,DriveDynamics,Entertainment,Video,0,0,0,18.84048901,0,U0666,AS344,1P Audience,57,Female,71100,"Technology, Auto, Gaming",Tablet,Opera,macOS,"Columbus, Ohio",5d2b8da8-c07b-4824-8c27-5279e308d8b7,Organic Search,49
493,493,C4879,P4879979,CO018,DriveDynamics,Entertainment,Carousel,1,0,0,14.20441145,0,U0949,AS269,Custom Audience,58,Male,28763,Music,Desktop,Firefox,Windows,"Los Angeles, California",fcda1d98-812b-4a22-8933-e1fa476fdb2f,Referral,195
2518,2518,C1b2e,P1b2e3b9,CO018,DriveDynamics,Entertainment,Carousel,0,0,0,44.5022184,0,U0344,AS139,Custom Audience,58,Male,23219,"Gaming, Music, Technology",Tablet,Firefox,Linux,"Billings, Montana",eccd4ec5-6625-48ad-8c1d-5897159d4c62,Display,134
3268,3268,Cb125,Ob125fed,CO018,DriveDynamics,Entertainment,Carousel,1,0,0,0,0,U0832,AS282,Custom Audience,58,Female,95137,"Technology, Fashion",Smartphone,Safari,iOS,"Charlotte, North Carolina",c836d813-32dc-4b0f-ba15-de14d74e7051,Organic Search,102
168,168,C8b2a,O8b2a0aa,CO018,DriveDynamics,Entertainment,Video,0,0,0,0,0,U0607,AS273,Custom Audience,59,Female,37616,"Music, Travel, Sports",Desktop,Firefox,Windows,"Fairbanks, Alaska",75f429dc-1b10-47f8-9abf-1086b0794f6b,Organic Search,192
2868,2868,C6057,O6057718,CO018,DriveDynamics,Entertainment,Video,0,0,0,0,0,U0785,AS183,1P Audience,59,Female,108360,"Art, Food, Fashion",Smartphone,Safari,Linux,"Manchester, New Hampshire",8d30f083-69df-43f2-b14a-5b02c1e1716a,Referral,261
993,993,C8044,O804494c,CO018,DriveDynamics,Entertainment,Carousel,1,1,1,0,73.27963142,U0804,AS319,3P Audience,60,Male,45264,Gaming,Tablet,Edge,Windows,"Augusta, Georgia",37fdb748-e7d8-4ccf-94d8-2a370874f818,Referral,479
1543,1543,C0ff0,P0ff0f85,CO018,DriveDynamics,Entertainment,Banner,1,1,0,15.3307026,0,U0115,AS011,Custom Audience,60,Male,68909,"Technology, Travel, Art",Laptop,Opera,Linux,"Overland Park, Kansas",fe66ba73-1019-4cce-8f2d-f11c62e82a5b,Direct,228
1568,1568,Cddcb,Oddcb099,CO018,DriveDynamics,Entertainment,Video,0,0,0,0,0,U0478,AS433,3P Audience,60,Female,58090,"Sports, Travel",Smartphone,Safari,iOS,"Kansas City, Kansas",e62df70c-dcfa-48de-af38-f343b80c19c9,Referral,220
2268,2268,C4928,O4928264,CO018,DriveDynamics,Entertainment,Banner,0,0,0,0,0,U0635,AS236,3P Audience,60,Female,44995,Auto,Desktop,Edge,Android,"Saint Paul, Minnesota",edf043f9-0d2d-4883-b7e3-08b96d7345a0,Referral,289
2443,2443,C3605,P3605508,CO018,DriveDynamics,Entertainment,Carousel,0,0,0,37.26998996,0,U0686,AS149,1P Audience,60,Male,35110,"Travel, Food, Fashion",Laptop,Safari,macOS,"St. Louis, Missouri",18b33e60-7d1d-44c6-8a3c-fceee7e9c8ef,Direct,211
2643,2643,C473c,O473cf01,CO018,DriveDynamics,Entertainment,Banner,1,1,0,0,0,U0260,AS420,1P Audience,60,Female,67775,"Gaming, Fitness",Tablet,Opera,macOS,"Lincoln, Nebraska",e47f40c3-19df-4ab5-8051-22de369f0bb2,Paid Search,153
2893,2893,C7b36,O7b36505,CO018,DriveDynamics,Entertainment,Video,1,0,0,0,0,U0197,AS099,3P Audience,60,Male,91387,Art,Tablet,Opera,Linux,"Manchester, New Hampshire",dfdd9973-ea59-451d-96b2-3b2ebd1c3e80,Organic Search,235
543,543,Ca17a,Oa17aacc,CO018,DriveDynamics,Entertainment,Video,0,0,0,0,0,U0183,AS357,1P Audience,61,Female,106577,"Food, Sports, Fashion",Desktop,Edge,Windows,"Colorado Springs, Colorado",69a59b1c-5b1b-4bdb-a859-d37bf2dde417,Organic Search,73
1143,1143,Cb2c2,Ob2c2730,CO018,DriveDynamics,Entertainment,Banner,0,0,0,0,0,U0102,AS077,1P Audience,61,Female,111825,"Sports, Travel, Music",Smartphone,Safari,Linux,"Boise, Idaho",4c8f4ae4-442d-46a2-899a-0b9b001f1b8d,Paid Search,269
1318,1318,C52bb,O52bb7a4,CO018,DriveDynamics,Entertainment,Carousel,0,0,0,0,0,U0316,AS073,Custom Audience,61,Male,94746,"Music, Technology, Food",Smartphone,Safari,macOS,"Indianapolis, Indiana",97fbfed3-f58d-4065-ab1e-b58ac3d1d410,Organic Search,176
1668,1668,C9086,O9086886,CO018,DriveDynamics,Entertainment,Video,1,1,0,0,0,U0035,AS159,3P Audience,61,Female,109093,"Music, Art, Fitness",Desktop,Firefox,Windows,"Lexington, Kentucky",ede86f96-054f-44c9-9fca-8599594645c8,Direct,33
1893,1893,C6187,P6187822,CO018,DriveDynamics,Entertainment,Video,0,0,0,23.09965973,0,U0825,AS163,3P Audience,61,Female,53184,"Travel, Gaming",Laptop,Chrome,iOS,"Lewiston, Maine",a1b2517d-60e8-4853-89c8-22b6ae5104b8,Referral,222
2168,2168,C1495,O14951b3,CO018,DriveDynamics,Entertainment,Banner,1,1,0,0,0,U0673,AS374,Custom Audience,61,Male,65523,"Fitness, Art, Auto",Smartphone,Opera,iOS,"Grand Rapids, Michigan",0d2c7396-dcb8-4204-b106-08423053f297,Paid Search,112
3118,3118,C2c0e,P2c0e678,CO018,DriveDynamics,Entertainment,Video,1,0,0,39.1777877,0,U0394,AS382,1P Audience,61,Female,95158,"Gaming, Sports, Auto",Smartphone,Chrome,iOS,"Rochester, New York",5a80bfd0-5f6b-478d-9736-15e9315c98c7,Direct,181
3568,3568,C1ed9,P1ed991c,CO018,DriveDynamics,Entertainment,Carousel,0,0,0,34.02302097,0,U0247,AS349,1P Audience,61,Male,32596,"Fitness, Food",Laptop,Opera,iOS,"Tulsa, Oklahoma",4a7be8c6-57f5-4206-ad9e-8e6e79cd12b0,Display,114
4418,4418,C220b,O220b9a8,CO018,DriveDynamics,Entertainment,Banner,0,0,0,0,0,U0612,AS242,Custom Audience,61,Female,105374,Technology,Tablet,Chrome,Linux,"Burlington, Vermont",d8c8f8e0-766a-4cc9-bde4-811283a2926a,Paid Search,93
4443,4443,C3f3a,O3f3a2bd,CO018,DriveDynamics,Entertainment,Carousel,1,1,1,0,58.38832118,U0464,AS251,3P Audience,61,Male,23754,"Auto, Gaming",Laptop,Opera,Linux,"Rutland, Vermont",644387b3-70f8-445a-b198-1c4315345ac4,Referral,549
1793,1793,C80a6,P80a614d,CO018,DriveDynamics,Entertainment,Video,0,0,0,15.49054139,0,U0245,AS038,1P Audience,62,Female,36451,Travel,Desktop,Opera,macOS,"New Orleans, Louisiana",deb31f68-2c53-410d-9786-a483ff600b58,Direct,157
2493,2493,Cd26a,Pd26a16f,CO018,DriveDynamics,Entertainment,Banner,0,0,0,39.23335657,0,U0692,AS250,1P Audience,62,Male,102605,Art,Smartphone,Safari,Windows,"Kansas City, Missouri",4c242845-9a7c-4f32-bce6-8f5eee0fce4c,Paid Search,53
3193,3193,C2fbb,O2fbb769,CO018,DriveDynamics,Entertainment,Carousel,0,0,0,0,0,U0692,AS162,1P Audience,62,Male,102605,"Music, Food, Fitness",Tablet,Chrome,iOS,"Rochester, New York",62f2e2b4-91e7-417f-b3ec-fd1c22440c5f,Organic Search,67
4618,4618,C83bb,O83bbe2d,CO018,DriveDynamics,Entertainment,Carousel,1,0,0,0,0,U0304,AS472,1P Audience,62,Female,29938,Food,Smartphone,Firefox,Android,"Seattle, Washington",7fd56713-694d-4870-a2c6-c73ddf455594,Paid Search,74
2293,2293,C2a75,O2a75bc7,CO018,DriveDynamics,Entertainment,Carousel,1,1,1,0,51.32450704,U0526,AS446,3P Audience,63,Male,43774,"Art, Fitness, Auto",Smartphone,Safari,Linux,"Saint Paul, Minnesota",61224f43-42a9-417b-8fdb-619959fa0280,Display,553
3718,3718,Caa84,Oaa84b26,CO018,DriveDynamics,Entertainment,Video,1,1,1,0,65.0047622,U0489,AS297,1P Audience,63,Female,48620,"Technology, Sports",Smartphone,Chrome,Linux,"Philadelphia, Pennsylvania",7a67d865-35dd-4c38-be2e-b1d1e289d0e1,Paid Search,327
4168,4168,Cafc4,Pafc4a4a,CO018,DriveDynamics,Entertainment,Carousel,1,0,0,39.52711955,0,U0573,AS074,Custom Audience,63,Female,114056,"Music, Technology",Tablet,Chrome,Android,"Memphis, Tennessee",da4198b7-b548-4ff7-bc0a-3a6d90a972a9,Direct,14
4718,4718,C62f0,O62f0f65,CO018,DriveDynamics,Entertainment,Carousel,1,0,0,0,0,U0994,AS192,1P Audience,63,Male,95096,Sports,Smartphone,Safari,Android,"Morgantown, West Virginia",40d289c5-677d-4b58-b10e-be7b2a1df0ed,Organic Search,212
343,343,C38f5,P38f58e9,CO018,DriveDynamics,Entertainment,Carousel,0,0,0,27.32478803,0,U0636,AS158,1P Audience,64,Male,42851,Food,Smartphone,Edge,iOS,"Fayetteville, Arkansas",df8653f5-3fa2-4652-b1f3-80c1325b4467,Organic Search,270
3693,3693,Cf018,Of018e21,CO018,DriveDynamics,Entertainment,Video,0,0,0,0,0,U0128,AS131,3P Audience,64,Male,78296,"Fashion, Technology, Auto",Desktop,Edge,Android,"Portland, Oregon",58eb6624-196c-4e6f-b89b-59615d1071f5,Direct,207
268,268,C4c0d,P4c0d115,CO018,DriveDynamics,Entertainment,Banner,1,1,0,26.9438186,0,U0154,AS114,1P Audience,65,Male,79971,"Gaming, Fitness, Sports",Smartphone,Chrome,Windows,"Phoenix, Arizona",f1fa211f-f968-4f4d-8f2a-01c34d5b81ca,Paid Search,209
1043,1043,Cff52,Off523c2,CO018,DriveDynamics,Entertainment,Carousel,1,0,0,0,0,U0993,AS081,3P Audience,65,Male,89295,Sports,Smartphone,Chrome,Linux,"Hilo, Hawaii",51db0dc9-cad8-4d71-8791-b6c969e5a2d9,Referral,284
1918,1918,C3e1a,P3e1a8f1,CO018,DriveDynamics,Entertainment,Carousel,1,0,0,19.78331194,0,U0900,AS061,1P Audience,65,Male,34193,Travel,Laptop,Chrome,macOS,"Frederick, Maryland",2fe3908d-6015-4304-842f-8270233defa2,Referral,132
1993,1993,Cfaa7,Ofaa7b82,CO018,DriveDynamics,Entertainment,Video,0,0,0,0,0,U0662,AS195,3P Audience,65,Female,88259,"Sports, Music",Desktop,Safari,macOS,"Rockville, Maryland",419a31cc-13bf-47b7-95dc-a02e06fcd56d,Display,148
4018,4018,Cd87b,Pd87b232,CO018,DriveDynamics,Entertainment,Banner,0,0,0,47.22486522,0,U0433,AS398,3P Audience,65,Male,44260,"Music, Gaming",Tablet,Chrome,macOS,"Aberdeen, South Dakota",1b85e9ac-a937-40e2-8bce-ef454b667444,Referral,71
4793,4793,C60e0,O60e05ce,CO018,DriveDynamics,Entertainment,Video,0,0,0,0,0,U0148,AS070,1P Audience,65,Female,51156,"Fashion, Fitness, Auto",Desktop,Edge,Android,"Charleston, West Virginia",5db21e50-0c43-4b15-9e38-2cdf5547928f,Organic Search,155
293,293,C06dd,O06dd2bd,CO018,DriveDynamics,Entertainment,Carousel,1,1,1,0,54.00746081,U0765,AS204,1P Audience,66,Male,29711,"Art, Fitness",Desktop,Safari,Linux,"Tucson, Arizona",8e6724c8-d692-4d8e-a5cc-8e081f148983,Paid Search,566
918,918,C31b6,P31b62c7,CO018,DriveDynamics,Entertainment,Banner,1,1,0,13.98917567,0,U0767,AS159,3P Audience,66,Female,73579,"Travel, Sports, Music",Smartphone,Firefox,Android,"Columbus, Georgia",91fb572d-9f61-46de-a44d-909dedf39869,Referral,273
2618,2618,C37fa,O37faef7,CO018,DriveDynamics,Entertainment,Video,0,0,0,0,0,U0385,AS007,3P Audience,66,Female,21275,Travel,Desktop,Edge,macOS,"Omaha, Nebraska",3d83eb4b-bfe6-422a-a0b0-6dc6149bf4c9,Referral,37
3743,3743,C4eb6,P4eb671b,CO018,DriveDynamics,Entertainment,Video,1,0,0,16.46640625,0,U0779,AS377,1P Audience,66,Male,36264,"Gaming, Technology",Smartphone,Opera,Android,"Pittsburgh, Pennsylvania",fe6af11d-78cb-454b-9f25-77bcb0c7fcae,Referral,192
4393,4393,Cac60,Oac60b6a,CO018,DriveDynamics,Entertainment,Banner,0,0,0,0,0,U0151,AS496,1P Audience,66,Male,65426,"Sports, Music, Auto",Smartphone,Chrome,Windows,"Salt Lake City, Utah",c57e5eae-da3b-48ab-80be-647a342ab515,Direct,93
4518,4518,C31e5,O31e5a00,CO018,DriveDynamics,Entertainment,Video,0,0,0,0,0,U0527,AS182,3P Audience,66,Male,59082,"Sports, Technology",Smartphone,Chrome,macOS,"Norfolk, Virginia",eefeafa0-3e9b-4022-9e89-1bed9e5d0fe5,Organic Search,57
693,693,C8316,O8316912,CO018,DriveDynamics,Entertainment,Banner,0,0,0,0,0,U0657,AS088,3P Audience,67,Male,114932,"Fashion, Music",Laptop,Opera,macOS,"New Haven, Connecticut",72f7abb7-a8f8-45e9-99a9-2e590b925760,Direct,103
2743,2743,C913b,O913b471,CO018,DriveDynamics,Entertainment,Video,1,0,0,0,0,U0499,AS441,Custom Audience,67,Male,28804,"Music, Art, Travel",Laptop,Chrome,iOS,"Reno, Nevada",c72259f0-ac85-474f-8975-82c2298c3ba4,Referral,70
3368,3368,C390e,P390e18b,CO018,DriveDynamics,Entertainment,Carousel,0,0,0,16.63928101,0,U0383,AS346,3P Audience,67,Male,42775,Food,Desktop,Chrome,macOS,"Bismarck, North Dakota",2af2876e-bc96-430d-b53d-674396a9e4e3,Organic Search,283
4493,4493,C03a2,P03a25ad,CO018,DriveDynamics,Entertainment,Banner,0,0,0,27.1856237,0,U0657,AS380,Custom Audience,67,Male,114932,"Fitness, Fashion",Laptop,Safari,Linux,"Burlington, Vermont",3625e5d2-3bcb-4632-bbaa-6e98746f4f15,Display,98
1418,1418,C0d2a,P0d2a683,CO018,DriveDynamics,Entertainment,Carousel,0,0,0,11.76746483,0,U0969,AS029,3P Audience,68,Female,83355,Art,Desktop,Firefox,iOS,"Des Moines, Iowa",1d025597-ed39-478a-aab0-8e17ea9e8ecc,Paid Search,266
1593,1593,C3773,O37736e3,CO018,DriveDynamics,Entertainment,Video,1,0,0,0,0,U0569,AS414,1P Audience,68,Male,94227,"Fitness, Gaming, Technology",Desktop,Firefox,Windows,"Overland Park, Kansas",2bae7853-3513-4cf1-ab9e-8f3c29098dd8,Referral,168
368,368,Cc33a,Oc33aa99,CO018,DriveDynamics,Entertainment,Banner,0,0,0,0,0,U0760,AS059,3P Audience,69,Male,41615,"Gaming, Food",Smartphone,Chrome,iOS,"Fort Smith, Arkansas",df9109a4-4d05-4789-9ece-4ea353deb22c,Display,50
1093,1093,Cbbbb,Obbbb0a1,CO018,DriveDynamics,Entertainment,Carousel,1,1,0,0,0,U0760,AS047,Custom Audience,69,Male,41615,Fitness,Desktop,Opera,Android,"Hilo, Hawaii",c9c72d77-991a-44e1-871a-f2922b8ad7ec,Referral,39
1443,1443,C78c9,O78c947a,CO018,DriveDynamics,Entertainment,Carousel,0,0,0,0,0,U0891,AS196,Custom Audience,69,Male,62917,Fitness,Smartphone,Edge,iOS,"Cedar Rapids, Iowa",c3961a54-d364-4fd5-8f7d-014277a504ea,Display,95
1493,1493,C13e2,O13e20f5,CO018,DriveDynamics,Entertainment,Carousel,0,0,0,0,0,U0053,AS420,Custom Audience,69,Male,79459,Technology,Tablet,Safari,Windows,"Davenport, Iowa",b5ae7091-d583-457d-a93b-25f76b14ca81,Organic Search,59
1868,1868,C0101,O010106d,CO018,DriveDynamics,Entertainment,Banner,0,0,0,0,0,U0456,AS116,1P Audience,69,Female,62953,"Fashion, Art",Tablet,Edge,macOS,"Bangor, Maine",1359a9ad-9209-411f-8f02-26969d888901,Direct,11
2143,2143,Cabdf,Pabdf644,CO018,DriveDynamics,Entertainment,Video,0,0,0,18.73109268,0,U0072,AS212,1P Audience,69,Female,64839,"Technology, Travel",Smartphone,Firefox,iOS,"Detroit, Michigan",1a057187-7b94-4e19-9d20-3189fa09ef66,Referral,145
3468,3468,Ce0ca,Pe0ca383,CO018,DriveDynamics,Entertainment,Video,1,1,0,15.18715079,0,U0926,AS468,3P Audience,69,Female,112991,Gaming,Laptop,Chrome,macOS,"Cincinnati, Ohio",5aa01386-5af2-4b1c-8654-830390ea4384,Referral,289
4668,4668,Cbb8b,Obb8b02b,CO018,DriveDynamics,Entertainment,Banner,1,0,0,0,0,U0053,AS403,3P Audience,69,Male,79459,"Sports, Gaming, Food",Smartphone,Firefox,Windows,"Spokane, Washington",a90e591e-f2a1-4460-a9a0-863074edac0f,Organic Search,204
